dataset,strategy,n,f1_mean,f1_ci_low,f1_ci_high,f1_bootstrap_std,em_mean,em_ci_low,em_ci_high,em_bootstrap_std,error_mean,error_ci_low,error_ci_high,error_bootstrap_std,steps_mean,steps_ci_low,steps_ci_high,steps_bootstrap_std
hotpotqa,Probe,1000,0.659377,0.6335614000000002,0.685284665,0.013112287587000816,0.52,0.489,0.5510249999999997,0.015888796865294208,0.299,0.271,0.327,0.014384271783009134,1.715,1.669,1.761,0.023561464628743804
hotpotqa,Probe+E-value,1000,0.6661253,0.6401265675,0.6918119474999999,0.013186149522171264,0.527,0.496,0.558,0.01567571411328034,0.291,0.262,0.319,0.014274732489218974,1.812,1.759,1.866,0.02684250415968967
hotpotqa,Probe+CP,1000,0.6690246,0.6435707625,0.69492234,0.013097988650561065,0.529,0.498,0.56,0.015996703169441805,0.299,0.27,0.328,0.014555413357091568,4.139,4.06,4.216025,0.03999699330521414
musique,Probe,417,0.4245400479616307,0.3824063129496403,0.46889000000000003,0.022290295226671083,0.3381294964028777,0.29256594724220625,0.38369304556354916,0.023243777745109412,0.5755395683453237,0.5275779376498801,0.6211031175059952,0.02405225610656949,3.563549160671463,3.4652278177458036,3.661870503597122,0.0505832789727397
musique,Probe+E-value,417,0.4245400479616307,0.380473345323741,0.46735301558753,0.02227902831081186,0.3381294964028777,0.29256594724220625,0.38369304556354916,0.023353755497533102,0.5755395683453237,0.5275779376498801,0.6235011990407674,0.024359516275191895,3.5755395683453237,3.4772182254196644,3.673860911270983,0.05011822323781003
musique,Probe+CP,417,0.4157167865707434,0.37305293764988,0.4597535371702638,0.022269795199363254,0.3333333333333333,0.28776978417266186,0.37889688249400477,0.023055658435844537,0.5899280575539568,0.5443645083932853,0.6378896882494005,0.02405286328261102,4.851318944844125,4.793764988009593,4.90167865707434,0.02735657215231146
2wiki,Probe,1000,0.5699278,0.5412425999999999,0.5984416250000001,0.014607069935535006,0.484,0.453,0.515,0.015843756058795056,0.403,0.373,0.433,0.015361631482761881,1.77,1.731,1.81,0.019927769649168436
2wiki,Probe+E-value,1000,0.5819635000000001,0.554172565,0.6103489925,0.014421206647825851,0.493,0.461,0.5230249999999996,0.015905086507708218,0.392,0.361,0.423,0.015666716453693927,1.863,1.822,1.904,0.021105415406855864
2wiki,Probe+CP,1000,0.5378537,0.5096749175000002,0.5659797124999999,0.01440028092379448,0.433,0.402,0.464,0.015721844473196016,0.436,0.405,0.467,0.015771759717623755,4.321,4.248,4.395,0.0372975948855744
