suffix,macro_dev_f1,macro_dev_steps,macro_test_f1,macro_test_steps
d3_exp2_focal1,0.3794777666666667,3.0283333333333333,0.3551131483613109,3.0563661071143087
ablate_margin_m05,0.3772818666666667,2.8166666666666664,0.3524058354116707,2.895820143884892
d3_exp1_bce,0.37727829999999996,2.9593333333333334,0.3486085006394884,2.974047162270184
ablate_margin_m02,0.37666510000000003,2.9026666666666667,0.35623590071942446,2.936789768185452
d3_exp3_focal2_nols,0.37633953333333336,2.909666666666667,0.3522826554756195,3.0005083932853718
ablate_compress_dim256,0.3721046,2.735,0.3457205930455636,2.7842661870503598
shallow,0.37070863333333337,4.073333333333333,0.325839807833733,4.067910471622701
ablate_compress_dim512,0.36878783333333337,2.7516666666666665,0.33719705763389285,2.8166426858513187
,0.36783603333333337,2.6126666666666667,0.34750867234212635,2.6772430055955234
ablate_gw_cap105,0.36783603333333337,2.6126666666666667,0.34750867234212635,2.6772430055955234
ablate_gw_cap12,0.36783603333333337,2.6126666666666667,0.34750867234212635,2.6772430055955234
ablate_gw_cap13,0.36783603333333337,2.6126666666666667,0.34750867234212635,2.6772430055955234
ablate_margin_m10,0.36591409999999996,3.2226666666666666,0.3421109711430855,3.4444820143884893
ablate_hidden_residual,0.3217124,2.81,0.29734548177458037,2.699486011191047
ablate_f1_regression,0.318713,2.7226666666666666,0.2953094710631495,2.6637761790567547
ablate_hidden_mean_pool,0.3183027,2.744,0.2991341876898481,2.6552917665867306
ablate_hidden_last_mean_blend,0.30960826666666663,2.585,0.2981552709832134,2.5584228617106315
