strategy,avg_steps,avg_cost,avg_f1,avg_em
Fixed-K=1,1.0,0.05000000000000001,0.3664812,0.271
Deployable-GW,1.012,0.050600000000000006,0.3673503000000001,0.272
Oracle,1.603,0.08015000000000003,0.6231974,0.493
Fixed-K=2,2.0,0.10000000000000002,0.4325267,0.326
Global-Weitzman,2.804,0.14020000000000002,0.6059988,0.46
Probe,2.889,0.14445000000000002,0.44846820000000004,0.345
Fixed-K=3,3.0,0.14999999999999994,0.4578524,0.346
Fixed-K=4,4.0,0.20000000000000004,0.4731252,0.365
Fixed-K=5,5.0,0.25,0.476392,0.369
